Fund Name,P1,P2,P3,P4,P5,Topsis Score,Rank
M1,0.93,0.86,4.7,63.2,17.42,0.7451789872829164,1
M2,0.91,0.83,3.5,57.1,15.59,0.5614782147132414,6
M3,0.74,0.55,3.2,54.2,14.67,0.378107854271753,2
M4,0.8,0.64,5.9,36.6,10.99,0.43782326903341956,8
M5,0.87,0.76,3.7,32.0,9.33,0.30839336221432845,4
M6,0.69,0.48,6.3,67.1,18.64,0.6402934094944923,3
M7,0.74,0.55,4.1,42.1,11.87,0.2634452537221067,5
M8,0.72,0.52,3.6,58.6,15.86,0.4407034381407021,7
